{
  "auditor-inference-ChatLaw.json": {
    "A_explicit_mean": 3.1784386617100373,
    "A_implicit_mean": 3.7472118959107807,
    "A_count": 269,
    "B_explicit_mean": 2.7818181818181817,
    "B_implicit_mean": 3.672727272727273,
    "B_count": 275,
    "C_explicit_mean": 3.208791208791209,
    "C_implicit_mean": 3.7362637362637363,
    "C_count": 273,
    "D_explicit_mean": 3.032142857142857,
    "D_implicit_mean": 3.2857142857142856,
    "D_count": 280,
    "all_explicit_mean": 3.04922515952598,
    "all_implicit_mean": 3.608021877848678,
    "all_count": 1097,
    "explicit_le2_ratio": 0.4886052871467639,
    "implicit_le2_ratio": 0.15223336371923427
  },
  "auditor-inference-gpt-5.json": {
    "A_explicit_mean": 2.0291970802919708,
    "A_implicit_mean": 3.7262773722627736,
    "A_count": 274,
    "B_explicit_mean": 2.172661870503597,
    "B_implicit_mean": 3.712230215827338,
    "B_count": 278,
    "C_explicit_mean": 2.4538745387453873,
    "C_implicit_mean": 3.07380073800738,
    "C_count": 271,
    "D_explicit_mean": 2.050909090909091,
    "D_implicit_mean": 2.6545454545454548,
    "D_count": 275,
    "all_explicit_mean": 2.175774134790528,
    "all_implicit_mean": 3.2932604735883424,
    "all_count": 1098,
    "explicit_le2_ratio": 0.7513661202185792,
    "implicit_le2_ratio": 0.25045537340619306
  },
  "auditor-inference-qwen3-32b.json": {
    "A_explicit_mean": 2.943609022556391,
    "A_implicit_mean": 4.026315789473684,
    "A_count": 266,
    "B_explicit_mean": 3.6064981949458486,
    "B_implicit_mean": 3.9747292418772564,
    "B_count": 277,
    "C_explicit_mean": 3.448148148148148,
    "C_implicit_mean": 3.662962962962963,
    "C_count": 270,
    "D_explicit_mean": 2.9855072463768115,
    "D_implicit_mean": 2.36231884057971,
    "D_count": 276,
    "all_explicit_mean": 3.2479338842975207,
    "all_implicit_mean": 3.5013774104683195,
    "all_count": 1089,
    "explicit_le2_ratio": 0.317722681359045,
    "implicit_le2_ratio": 0.1349862258953168
  },
  "auditor-inference-qwen3-max.json": {
    "A_explicit_mean": 1.8419117647058822,
    "A_implicit_mean": 4.055147058823529,
    "A_count": 272,
    "B_explicit_mean": 2.6838235294117645,
    "B_implicit_mean": 3.952205882352941,
    "B_count": 272,
    "C_explicit_mean": 3.1666666666666665,
    "C_implicit_mean": 3.221014492753623,
    "C_count": 276,
    "D_explicit_mean": 2.411111111111111,
    "D_implicit_mean": 2.077777777777778,
    "D_count": 270,
    "all_explicit_mean": 2.528440366972477,
    "all_implicit_mean": 3.328440366972477,
    "all_count": 1090,
    "explicit_le2_ratio": 0.5385321100917431,
    "implicit_le2_ratio": 0.20550458715596331
  }
}